delete from RESERVA
delete from BILHETEPASSE_BILHETEINDIVIDUAL
delete from BILHETEINDIVIDUAL
delete from BILHETEPASSE
delete from EVENTODATA
delete from LUGAR
delete from EVENTO
delete from Empresa_CERTIFICADOS
delete from EMPRESA
delete from INSTALACAO
INSERT INTO INSTALACAO (ID, NOME, LUGARESINDIVIDUAIS, CAPACIDADE, NUMREGISTO) VALUES (1, 'Micro Pavilhao', 1, 5, 11)
INSERT INTO INSTALACAO (ID, NOME, LUGARESINDIVIDUAIS, CAPACIDADE, NUMREGISTO) VALUES (2, 'Mini Estadio', 1, 15, 12)
INSERT INTO INSTALACAO (ID, NOME, LUGARESINDIVIDUAIS, CAPACIDADE, NUMREGISTO) VALUES (3, 'Pequeno Relvado', 0, 10, 13)
INSERT INTO LUGAR (ID, LETRA, NUMERO, INSTALACAO_ID) VALUES (1, 'A', 1, 1)
INSERT INTO LUGAR (ID, LETRA, NUMERO, INSTALACAO_ID) VALUES (2, 'A', 2, 1)
INSERT INTO LUGAR (ID, LETRA, NUMERO, INSTALACAO_ID) VALUES (3, 'B', 1, 1)
INSERT INTO LUGAR (ID, LETRA, NUMERO, INSTALACAO_ID) VALUES (4, 'B', 2, 1)
INSERT INTO LUGAR (ID, LETRA, NUMERO, INSTALACAO_ID) VALUES (5, 'B', 3, 1)
INSERT INTO LUGAR (ID, LETRA, NUMERO, INSTALACAO_ID) VALUES (6, 'A', 1, 2)
INSERT INTO LUGAR (ID, LETRA, NUMERO, INSTALACAO_ID) VALUES (7, 'A', 2, 2)
INSERT INTO LUGAR (ID, LETRA, NUMERO, INSTALACAO_ID) VALUES (8, 'A', 3, 2)
INSERT INTO LUGAR (ID, LETRA, NUMERO, INSTALACAO_ID) VALUES (9, 'A', 4, 2)
INSERT INTO LUGAR (ID, LETRA, NUMERO, INSTALACAO_ID) VALUES (10, 'A', 5, 2)
INSERT INTO LUGAR (ID, LETRA, NUMERO, INSTALACAO_ID) VALUES (11, 'B', 1, 2)
INSERT INTO LUGAR (ID, LETRA, NUMERO, INSTALACAO_ID) VALUES (12, 'B', 2, 2)
INSERT INTO LUGAR (ID, LETRA, NUMERO, INSTALACAO_ID) VALUES (13, 'B', 3, 2)
INSERT INTO LUGAR (ID, LETRA, NUMERO, INSTALACAO_ID) VALUES (14, 'B', 4, 2)
INSERT INTO LUGAR (ID, LETRA, NUMERO, INSTALACAO_ID) VALUES (15, 'B', 5, 2)
INSERT INTO LUGAR (ID, LETRA, NUMERO, INSTALACAO_ID) VALUES (16, 'B', 6, 2)
INSERT INTO LUGAR (ID, LETRA, NUMERO, INSTALACAO_ID) VALUES (17, 'B', 7, 2)
INSERT INTO LUGAR (ID, LETRA, NUMERO, INSTALACAO_ID) VALUES (18, 'B', 8, 2)
INSERT INTO LUGAR (ID, LETRA, NUMERO, INSTALACAO_ID) VALUES (19, 'B', 9, 2)
INSERT INTO LUGAR (ID, LETRA, NUMERO, INSTALACAO_ID) VALUES (20, 'B', 10, 2)
INSERT INTO EMPRESA(ID, NOME, NUMREGISTO) VALUES (1, 'una', 1)
INSERT INTO EMPRESA(ID, NOME, NUMREGISTO) VALUES (2, 'dua', 2)
INSERT INTO Empresa_CERTIFICADOS(TIPOEVENTO, Empresa_ID) VALUES('TETEATETE', 1)
INSERT INTO Empresa_CERTIFICADOS(TIPOEVENTO, Empresa_ID) VALUES('BANDOSENTADO', 1)
INSERT INTO Empresa_CERTIFICADOS(TIPOEVENTO, Empresa_ID) VALUES('BANDOSENTADO', 2)
INSERT INTO Empresa_CERTIFICADOS(TIPOEVENTO, Empresa_ID) VALUES('MULTIDAOEMPE', 2)